Gene_set,Term,Overlap,P-value,Adjusted P-value,Old P-value,Old Adjusted P-value,Odds Ratio,Combined Score,Genes
GO_Biological_Process_2023,Regulation Of Cell Population Proliferation (GO:0042127),141/766,6.925784878089169e-11,2.885281980211948e-07,0,0,1.9385847381546135,45.34967071506584,CD86;IFITM1;VIPR1;CSF1;IFI35;IFIT3;FGF7;MYC;NAMPT;SOX9;SOX7;SOX4;KRT6A;MINAR1;TMEM250;CDC25B;SULT2B1;CLDN5;SFRP4;TIAM1;SFRP1;CLDN3;GAREM1;SFRP2;GPLD1;PLPP1;TSPYL5;BEX4;PTGFR;CDCA7;GATA3;MST1R;DPP4;SLC9A3R1;CYP27B1;SCIN;PDGFD;ZNF703;IGFBP6;ZBTB7C;JAG2;TFAP2A;TGFB2;JAG1;TGFB1;TFAP2E;INSR;OSGIN1;HMGA1;SMAD6;ALOX15B;BMP6;FOSL1;ACER2;BMP4;CXCL10;BST1;GDF9;CXCL11;BMP2;CDK6;NR4A3;BAMBI;ID2;MDM2;MELTF;FGFR2;GSDME;BTG2;CXCL9;CXCL8;ELN;CDCA7L;SIX1;CXCL1;LAMC2;FOXM1;AREG;CX3CL1;ADAMTS1;CTSH;EDN1;MYOCD;CR1;IL15;TESC;NRG1;AVPR1A;PROX1;AXIN2;OSMR;PLAAT4;ADRA2A;KAT2B;HCK;DDAH1;ALDH1A2;IRF1;MMRN2;CDH13;SGK1;SGK2;HBEGF;SMIM22;KANK2;CEBPA;TNXB;PTN;AIF1;DLL1;TOB1;EGFR;PTHLH;ERBB3;FRZB;TP53INP1;ERBB2;GCNT2;STAT4;E2F7;IL12RB2;TBX1;CDKN2A;STAT1;DAB2IP;OSM;VEGFC;TBX5;PODN;S100B;DHRS2;AGT;PML;TBX3;WARS1;FABP3;KITLG;FABP6;CLCF1;CDKN3;BNIPL
GO_Biological_Process_2023,Regulation Of Cell Migration (GO:0030334),87/434,5.7334353554939415e-09,1.0790377186087145e-05,0,0,2.13179364370662,40.45494340657947,SEMA5A;SEMA5B;IFITM1;CSF1;FAM107A;TNC;LAMC2;LDB2;CLDN1;CX3CL1;MYLK;AMOT;FGF7;PLAU;CTSH;EPHB2;EDN1;ANXA1;MMP7;WNT5B;LIMCH1;SPHK1;HGF;KRT5;SRCIN1;RHOD;ADRA2A;CCNA2;CLDN5;TIAM1;SFRP1;CLDN3;SFRP2;RAP2B;DAAM2;TMSB15A;CDH11;MMRN2;CDH13;ITGA6;SGK1;HBEGF;SMIM22;BEX4;TNXB;SEMA3D;SEMA3B;CHRD;SEMA3G;AIF1;EGFR;NKD1;ADGRG3;CLN3;PARD6B;WNT11;PDGFD;TP53INP1;ZNF703;GCNT2;CCL3;MGAT3;SLIT2;SASH1;CCL24;CARMIL2;JAG1;TGFB1;F10;FZD4;SEMA4B;INSR;CAV1;OSGIN1;SEMA4G;TBX5;PODN;SORL1;ALOX15B;BST2;SH3RF2;DAB2;BMP2;CXCL12;KRT16;SNAI2;F2RL1
GO_Biological_Process_2023,Negative Regulation Of Cell Population Proliferation (GO:0008285),78/379,1.0614155572728173e-08,1.0790377186087145e-05,0,0,2.199525116150549,40.38565067066955,IFITM1;BTG2;CXCL8;CXCL1;IFI35;IFIT3;ADAMTS1;MYC;SOX9;SOX7;SOX4;MINAR1;MYOCD;CD300A;TESC;NRG1;PROX1;AXIN2;PLAAT4;SULT2B1;TGFBR3;SFRP4;KAT2B;SFRP1;CLDN3;SFRP2;DDAH1;ALDH1A2;IRF1;MMRN2;CDH13;PPARG;GPLD1;PLPP1;KANK2;CEBPA;GSTP1;FBLN1;GATA3;GATA2;AIF1;DLL1;TOB1;PTHLH;CYP27B1;SLC9A3R1;SCIN;FRZB;TP53INP1;HMOX1;APOD;IGFBP6;E2F7;ZBTB7C;TFAP2A;TGFB2;TGFB1;CDKN2A;DAB2IP;OSM;HMGA1;PODN;SMAD6;TBX5;ALOX15B;DHRS2;PML;TBX3;WARS1;BMP4;FABP3;BMP2;CDK6;FABP6;GSDME;TP73;CDKN3;BNIPL
GO_Biological_Process_2023,Negative Regulation Of Cellular Process (GO:0048523),101/537,1.180898458453826e-08,1.0790377186087145e-05,0,0,1.9730580292052669,36.01700072795821,SEMA5A;CDA;RIPOR2;IFITM1;ENO1;IFI35;IFIT3;SOX17;MYC;CCN5;EPHB2;SOX7;SOX4;TSPYL2;MINAR1;SULT2B1;SFRP4;SFRP1;CLDN3;SFRP2;GPLD1;PLPP1;FBLN1;GATA3;SLC9A3R1;CYP27B1;SCIN;IGFBP6;ZBTB7C;TFAP2A;TGFB2;TGFB1;EIF2AK3;OSGIN1;HMGA1;SMAD6;ALOX15B;HOPX;ESR2;BST2;BMP4;NR4A1;BMP2;CDK6;TGFBI;APOBEC3A;GSDME;BTG2;PIWIL4;CXCL8;FHL1;PDE3B;WFDC1;CXCL1;RND1;ADAMTS1;DACT3;MYOCD;SPHK2;TESC;NRG1;PROX1;AXIN2;PLAAT4;KAT2B;DDAH1;ALDH1A2;IRF1;MMRN2;CDH13;FBP1;KANK2;CEBPA;HPGD;ADAM22;HOXD10;DLL1;TOB1;PTHLH;WNT11;ERBB3;FRZB;ALOX5;TP53INP1;SLIT2;JAM2;E2F7;TBX1;CDKN2A;DAB2IP;OSM;TBX5;PODN;DHRS2;PML;WARS1;DCBLD2;FABP3;FABP6;CDKN3;BNIPL
GO_Biological_Process_2023,Positive Regulation Of Cell Motility (GO:2000147),53/221,1.2950524707257734e-08,1.0790377186087145e-05,0,0,2.665796418902009,48.41653986520492,SEMA5A;SEMA5B;CSF1;FAM107A;LAMC2;CLDN1;MYLK;PLAU;CTSH;CCR7;EPHB2;EDN1;MMP7;WNT5B;SPHK1;HGF;RHOD;ADRA2A;CCNA2;TIAM1;CLDN3;DAAM2;TMSB15A;CDH13;ITGA6;HBEGF;SMIM22;SEMA3D;SEMA3B;SEMA3G;AIF1;EGFR;PDGFD;ZNF703;GCNT2;CCL3;CCL19;DUOX2;CCL24;CARMIL2;TGFB1;F10;FZD4;INSR;CAV1;SEMA4B;SEMA4G;SH3RF2;BMP2;DAB2;CXCL12;SNAI2;F2RL1
GO_Biological_Process_2023,Response To Type II Interferon (GO:0034341),27/80,2.9729920181828897e-08,2.06424745795832e-05,0,0,4.279581860436126,74.16991204298802,IFITM3;CCL13;IFITM1;MEFV;AIF1;CX3CL1;CYP27B1;CCL8;KYNU;CCL4;CASP1;CCL3;SIRPA;CCL19;IL12RB1;GBP1;GBP4;SNCA;GBP6;GBP5;CCL24;DAPK1;CCL20;STAT1;BST2;GAPDH;TLR2
GO_Biological_Process_2023,Positive Regulation Of Cell Population Proliferation (GO:0008284),90/483,1.145079251877903e-07,6.814857376176206e-05,0,0,1.9448941099593071,31.08450700195384,CD86;VIPR1;CSF1;CDCA7L;LAMC2;FOXM1;AREG;CX3CL1;AQP1;FGF7;MYC;SOX15;SIX2;NAMPT;RBPMS2;CTSH;SOX9;SOX4;KRT6A;MEF2C;EDN1;CR1;IL15;SPHK1;IL18;NRG1;AVPR1A;PROX1;OSMR;TMEM250;ADRA2A;CDC25B;CCNA2;TGFBR3;CLDN5;TIAM1;HCK;SFRP1;GAREM1;SFRP2;CDH13;TSPYL5;HBEGF;PTGFR;TNXB;CHRD;NOD2;MST1R;PTN;AIF1;DLL1;EGFR;PTHLH;DPP4;RASSF10;ERBB3;PDGFD;ZNF703;ERBB2;GCNT2;HMOX1;IL12RB2;TBX1;TGFB2;TGFB1;STAT1;INSR;OSM;VEGFC;S100B;AGT;TBX3;BMP6;TBX2;FOSL1;BST2;BMP4;BST1;GDF9;KITLG;BMP2;CDK6;NR4A3;BAMBI;CLCF1;ID2;MDM2;TMEM119;HPSE;FGFR2
GO_Biological_Process_2023,Cellular Response To Type II Interferon (GO:0071346),23/66,1.5922434289015438e-07,8.29160765600479e-05,0,0,4.487430029905027,70.24152536994715,GBP6;GBP5;CCL13;CCL24;DAPK1;IFNGR1;CCL20;STAT1;AIF1;CX3CL1;HCK;CCL8;IRF1;CCL4;CASP1;CCL3;SIRPA;CCL19;IL12RB1;GAPDH;GBP1;GBP4;TLR2
GO_Biological_Process_2023,Granulocyte Chemotaxis (GO:0071621),24/73,3.007346715207194e-07,0.00013920673795059078,0,0,4.109715516743926,61.71575182749934,CXCL6;CCL13;CCL24;CXCL9;EDN1;TGFB2;CXCL8;ANXA1;CXADR;FCER1G;CCL20;CXCL1;CXCL3;TREM1;CX3CL1;CXCL10;CXCL11;CCL8;CCL4;CCL3;S100A12;CCL19;S100A9;S100A8
GO_Biological_Process_2023,Neutrophil Chemotaxis (GO:0030593),23/70,5.347196161668797e-07,0.00022276419209512211,0,0,4.104599071967609,59.276663173399314,CXCL6;CCL13;CCL24;CXCL9;EDN1;TGFB2;CXCL8;CXADR;FCER1G;CCL20;CXCL1;CXCL3;TREM1;CX3CL1;CXCL10;CXCL11;CCL8;CCL4;CCL3;S100A12;CCL19;S100A9;S100A8
GO_Biological_Process_2023,Regulation Of Angiogenesis (GO:0045765),46/205,8.918788537185816e-07,0.00033777884587196465,0,0,2.4377657981431566,33.957920400026715,SEMA5A;CXCL8;HSPB6;YJEFN3;PDE3B;PTPRM;ISM1;GATA2;TSPAN12;AQP1;AMOT;ADGRA2;ADAMTS1;ALOX5;ERBB2;PGK1;HMOX1;CTSH;ITGB8;SASH1;HTATIP2;MINAR1;TGFB2;SEMA6A;PTGIS;ANXA3;STAT1;CEMIP2;SPHK1;SPINK5;DAB2IP;VASH2;VEGFC;NRG1;DCN;PML;WARS1;CLDN5;SMOC2;CXCL10;SFRP1;SFRP2;RHOJ;PPARG;PRKD1;TEK
GO_Biological_Process_2023,Positive Regulation Of Cell Migration (GO:0030335),56/272,1.2016456257862175e-06,0.0004171713064187819,0,0,2.1879496721601983,29.82573300574122,SEMA5A;SEMA5B;CSF1;FAM107A;LAMC2;CLDN1;MYLK;PLAU;CTSH;SOX9;EPHB2;EDN1;SEMA6A;MMP7;WNT5B;SPHK1;HGF;TNFRSF18;RHOD;ADRA2A;CCNA2;TIAM1;CLDN3;DAAM2;TMSB15A;CDH13;NSMF;ITGA6;HBEGF;SMIM22;SEMA3D;SEMA3B;SEMA3G;AIF1;EGFR;PDGFD;ZNF703;GCNT2;CCL3;CCL24;CARMIL2;TGFB2;TGFB1;F10;FZD4;INSR;CAV1;SEMA4B;DAB2IP;SEMA4G;SH3RF2;BMP2;DAB2;CXCL12;SNAI2;F2RL1
GO_Biological_Process_2023,Regulation Of Blood Coagulation (GO:0030193),13/29,3.1138740079966035e-06,0.0009978768551779885,0,0,6.794831223628692,86.1560337887174,EDN1;CAV1;F12;PLAUR;NRG1;TFPI;THBD;PLAU;ST3GAL4;F2RL1;ENPP4;HPSE;EPHB2
GO_Biological_Process_2023,Neutrophil Migration (GO:1990266),23/77,3.450673037747252e-06,0.0010057511922944,0,0,3.5711170426196333,44.91372928669089,CXCL6;CCL13;CCL24;CXCL9;EDN1;TGFB2;CXCL8;CXADR;FCER1G;CCL20;CXCL1;CXCL3;TREM1;CX3CL1;CXCL10;CXCL11;CCL8;CCL4;CCL3;S100A12;CCL19;S100A9;S100A8
GO_Biological_Process_2023,Regulation Of Wound Healing (GO:0061041),17/47,3.621283697651786e-06,0.0010057511922944,0,0,4.744136527321121,59.43777783177901,ANXA1;TNFRSF12A;CAV1;NRG1;CLDN1;ADRA2A;MYLK;OCLN;CLDN3;MMRN1;PLAU;ALOX5;CD109;F2RL1;EPHB2;DUOX2;HBEGF
GO_Biological_Process_2023,Inflammatory Response (GO:0006954),49/236,4.253867042311682e-06,0.0011076006311419,0,0,2.2075922058249753,27.30279860017875,CXCL6;CXCL9;CXCL8;GPR68;ADM;CXCL1;CXCL3;CX3CL1;LTB4R;CCR7;CMKLR1;CD96;ANXA1;IL18;TLR1;ELF3;TLR6;S100A9;CD44;S100A8;TLR2;PTGFR;CCL13;CEBPB;PTGER3;FPR1;FPR2;GATA3;MEFV;AIF1;CCL8;CCL4;CCL3;CD14;CCL19;AOC3;CCL24;TGFB1;CCL20;SELE;NFATC4;CXCL10;BMP2;CXCL11;VNN1;KRT16;SIGLEC1;ACKR1;IL17D
GO_Biological_Process_2023,Cell-Cell Junction Organization (GO:0045216),21/68,5.064324369789875e-06,0.0011891624618649,0,0,3.744150187734668,45.65350837280414,DSP;TGFB2;CXADR;TGFB1;CLDN1;CLDN5;ARVCF;PARD6B;OCLN;CDH3;PARD6A;GJA4;CDH11;FSCN1;CDH13;PKP1;F2RL1;DCHS1;PKP3;LIMS2;TJP3
GO_Biological_Process_2023,Negative Regulation Of Growth (GO:0045926),31/124,5.1380039158829926e-06,0.0011891624618649,0,0,2.799211977935382,34.09117131269054,CDA;MT1L;FHL1;TMPRSS4;WFDC1;MT1X;ENO1;CYP27B1;MT2A;WNT11;SOX17;FRZB;DACT3;SLIT2;MINAR1;TSPYL2;TGFB2;TGFB1;SPHK2;CDKN2A;OSGIN1;NRG1;ALOX15B;ESR2;PML;DCBLD2;BST2;SFRP1;SFRP2;FBP1;MT1E
GO_Biological_Process_2023,Positive Regulation Of Response To External Stimulus (GO:0032103),36/155,5.802725767415012e-06,0.0012723239761605,0,0,2.542753594328727,30.65844487906316,CEBPA;IFI35;FPR2;PTN;MEFV;AIF1;CX3CL1;THBD;PLAU;CAMK2N1;CASP4;CASP1;CCL3;S100A12;CCL19;SASH1;SNCA;GBP5;IL33;TGFB1;IL15;PDE2A;PLA2G2A;IL18;OSM;NKG7;NRG1;BMP6;AGT;AIM2;MMRN2;F2RL1;POLR3G;S100A9;S100A8;TLR2
GO_Biological_Process_2023,Positive Regulation Of Epithelial Cell Proliferation (GO:0050679),30/123,1.2263411454764978e-05,0.0025544686060275,0,0,2.707634611866577,30.620343088367576,SEMA5A;NRARP;NOD2;PTN;CLDN1;AREG;EGFR;TGM1;FGF7;CDH3;MYC;ZNF703;ERBB2;SOX9;TBX1;CCL24;VASH2;VEGFC;PROX1;BMP6;BMP4;MMP12;NR4A1;SFRP1;BMP2;NR4A3;CDH13;PRKD1;TEK;FGFR2
GO_Biological_Process_2023,Epithelium Development (GO:0060429),35/154,1.287911159754328e-05,0.0025549704245412,0,0,2.4709504834619778,27.822664775441723,KANK2;TAGLN;UPK2;TNC;SIX1;DLL1;SLC9A3R1;UPK1B;SOX17;PGK1;SOX9;KRT6A;CTSB;FN3K;TBX1;CBR1;TGFB1;STAT1;AKR1C1;SPINK5;PROX1;TBX5;TBX2;BMP2;DHRS9;KRT17;KRT16;ALDH1A2;KRT15;KRT14;SNAI2;PPARG;RHCG;FGFR2;CES1
GO_Biological_Process_2023,Cellular Response To Cytokine Stimulus (GO:0071345),58/308,1.4235736546562865e-05,0.0026957308387718,0,0,1.956,21.828480969007384,RIPOR2;CXCL8;MT1X;YBX3;CX3CL1;IL27RA;GHR;MT2A;CASP1;SIRPA;CCR7;SOX9;IL13RA2;ADAMTS7;GBP6;GBP5;PTGIS;DAPK1;OSMR;HCK;SFRP1;AIM2;IRF1;ZNF675;GAPDH;TLR2;CCL13;CEBPA;ASAH1;PDE1B;AKAP6;GATA3;LILRA2;AIF1;LRP8;CCL8;IFI16;CCL4;STAT4;CCL3;CCL19;IL12RB1;GBP1;DUOX2;GBP4;IL12RB2;CCL24;CCL20;STAT1;PDE2A;DAB2IP;LILRB2;CXCL12;CLCF1;IL2RB;MNDA;PLP2;GSDME
GO_Biological_Process_2023,Negative Regulation Of Signal Transduction (GO:0009968),52/267,1.4917420688873128e-05,0.0027019988952106,0,0,2.03733368872304,22.640850276425024,CXCL8;FAIM2;ARRB1;NRARP;CX3CL1;CYP26B1;DACT3;NCK1;SEMA6A;SLC2A10;NRG1;SHISA2;DKK1;DCN;SFRP4;SFRP1;SFRP2;MMRN2;PRKCQ;PPARG;TLR6;CARD16;RAB7B;MDFI;TRABD2B;PLIN5;KANK2;NXN;PALM3;GATA3;GATA2;LILRA2;NKD1;NKD2;SLC9A3R1;ERBB3;FRZB;TSPAN6;GPC1;GPC3;APOD;SNCA;SRMS;GDF15;DAB2IP;AGT;SULF2;APLN;DLK2;BMP2;SNAI2;SPRY1
GO_Biological_Process_2023,Regulation Of MAP Kinase Activity (GO:0043405),28/114,2.05508151373795e-05,0.0035672789942634,0,0,2.731317390254079,29.47804324746088,DIRAS1;GSTP1;MST1R;NOD2;EGFR;GHR;UCHL1;IRAK1;PDGFD;ERBB2;S100A12;MEF2C;EDN1;TGFB1;CD300A;INSR;DAB2IP;TPD52L1;SORL1;ADRA2A;AGT;DUSP7;BMP4;BMP2;NEK10;PPARG;SPRY1;CD24
GO_Biological_Process_2023,Positive Regulation Of MAP Kinase Activity (GO:0043406),24/91,2.2375877970050677e-05,0.0037287163049292,0,0,3.0025743103521036,32.150145664809585,EDN1;MEF2C;TGFB1;DIRAS1;INSR;DAB2IP;FZD10;MST1R;NOD2;TPD52L1;DKK1;ADRA2A;EGFR;GHR;IRAK1;PDGFD;ERBB2;NEK10;S100A12;TLR6;CCL19;CD24;ARHGEF5;SASH1
GO_Biological_Process_2023,Negative Regulation Of MAPK Cascade (GO:0043409),26/105,3.4408784979690665e-05,0.0055133460855919,0,0,2.759433962264151,28.35925098863145,PTPRR;PSCA;GSTP1;PEBP1;FBLN1;FOXM1;SLC9A3R1;RPS6KA6;UCHL1;MYC;SIRPA;EPHB2;GBP1;DUSP2;SEMA6A;CD300A;LMO3;CAV1;DAB2IP;SORL1;AGT;DUSP7;BMP4;BMP2;PPARG;SPRY1
GO_Biological_Process_2023,Cellular Response To Lipid (GO:0071396),45/228,3.880719189886873e-05,0.0057893778465715,0,0,2.068218880938819,21.006702631462336,CD86;CD274;CXCL6;CXCL9;CXCL8;GFI1;GSTP1;INSIG1;CXCL1;FZD10;ATP1A1;NOD2;NR3C1;CXCL3;TFPI;EGFR;GNAI1;AQP1;ADCY5;WNT6;WNT11;ZNF703;PDK4;SPP1;CASP1;SIRPA;SOX9;CD14;TBX1;WNT10B;MEF2C;WNT5B;FZD4;SPHK2;TESC;DAB2IP;MSN;PDCD1LG2;LILRB2;CXCL10;SFRP1;CXCL11;CARD16;EPHA3;GPLD1
GO_Biological_Process_2023,Regulation Of Small GTPase Mediated Signal Transduction (GO:0051056),28/118,4.030110568223327e-05,0.0057893778465715,0,0,2.609337949847865,26.404234241951812,DOCK3;ARHGEF25;ARHGEF28;ARHGEF10L;FOXM1;KALRN;ARHGAP6;FGD1;PREX2;SYDE2;ARHGAP22;FGD3;ARHGAP20;ARHGAP40;MCF2L;PLEKHG4B;PLCE1;SLIT2;CGNL1;RALBP1;PLEKHG1;ARHGEF15;PLEKHG6;RHOD;TIAM1;ARHGEF4;RHOU;ARHGEF5
GO_Biological_Process_2023,Positive Regulation Of Transport (GO:0051050),16/50,4.0722996804259246e-05,0.0057893778465715,0,0,3.937033968516984,39.798364541945865,CEBPB;ANXA1;ANXA2;DOC2B;DLL1;CLIP3;DAB2;CDH3;SCIN;GPC3;BAK1;CCL19;SGK1;SGK2;GPLD1;SNCA
GO_Biological_Process_2023,Sphingolipid Biosynthetic Process (GO:0030148),21/77,4.169019092586363e-05,0.0057893778465715,0,0,3.140823529411765,31.675973811001555,ASAH1;ELOVL4;PPM1L;SPHK2;SPHK1;SPNS2;ELOVL6;ABCA8;CYP4F22;SGPP2;ACER2;SGPL1;SPTLC3;ORMDL3;ST3GAL5;SPTSSB;PRKD1;DEGS2;LARGE1;B4GALT6;PLPP1
GO_Biological_Process_2023,Cytokine-Mediated Signaling Pathway (GO:0019221),49/257,4.592339779071628e-05,0.0061715121031007,0,0,1.9823511609992297,19.800785569528,CXCL6;CXCL9;CXCL8;CXCL1;IL1RAP;CXCL3;CX3CL1;IL27RA;OASL;RPS6KA4;GHR;IL18RAP;IL13RA2;IL15RA;FCER1G;IL1R1;IL15;IL18;OSMR;HCK;AIM2;OAS2;ZNF675;BIRC3;CCL13;CEBPA;LILRA2;LRP8;CCL8;IRAK1;CCL4;STAT4;CCL3;CCL19;IL12RB1;DUOX2;IL12RB2;CCL24;IL33;CCL20;STAT1;OSM;LILRB2;CXCL10;CXCL11;CXCL12;CLCF1;IL2RB;PLP2
GO_Biological_Process_2023,Negative Regulation Of Canonical Wnt Signaling Pathway (GO:0090090),27/114,5.6845835321376246e-05,0.0074006171859016,0,0,2.6021220159151195,25.43617881541966,PRKN;MESP1;NKD1;NKD2;SLC9A3R1;WNT11;SOX17;TMEM88;FRZB;DACT3;SOX9;IGFBP6;TLE2;CAV1;TPBG;DAB2IP;AXIN2;TMEM64;DKK1;DKK2;TLE6;SFRP4;SFRP1;BMP2;DAB2;SFRP2;SNAI2
GO_Biological_Process_2023,Membrane Lipid Biosynthetic Process (GO:0046467),17/57,6.480937928657858e-05,0.0076535875461894,0,0,3.5561061531235323,34.29530190011607,ELOVL4;PPM1L;SPHK2;SPHK1;SPNS2;ELOVL6;SGPP2;ACER2;SGPL1;SCCPDH;SPTLC3;ORMDL3;ST3GAL4;SPTSSB;PRKD1;DEGS2;PLPP1
GO_Biological_Process_2023,Epidermis Development (GO:0008544),22/85,6.596227268535053e-05,0.0076535875461894,0,0,2.9250141990254983,28.1574374315626,DSP;COL17A1;LAMB3;SPINK5;LAMA3;LAMC2;GRHL3;KRT5;DLL1;EVPL;EDA2R;PTHLH;ALDH3A2;FGF7;STS;FABP5;COL7A1;KRT15;GJB5;KRT14;FGFR2;SPRR1B
GO_Biological_Process_2023,Transport Across Blood-Brain Barrier (GO:0150104),22/85,6.596227268535053e-05,0.0076535875461894,0,0,2.9250141990254983,28.1574374315626,SLC22A3;ABCC1;SLC13A3;ABCC2;ABCB1;SLC16A1;SLC2A10;INSR;ATP2A3;SLC1A4;SLC2A4;ATP1B2;AVPR1A;SLC6A1;SLC7A1;SLC7A2;SLC7A5;SLC9A3R1;SLC7A8;FABP5;SLC29A4;SLC38A5
GO_Biological_Process_2023,Positive Regulation Of MAPK Cascade (GO:0043410),56/310,6.613757841162279e-05,0.0076535875461894,0,0,1.856610029009532,17.86759433045633,DIRAS1;ARRB1;CX3CL1;GHR;PLCE1;CCR7;MEF2C;EDN1;DENND2B;NRG1;ADRA2C;ADRA2A;DOK2;GAREM1;DOK5;DOK6;HAND2;CD44;CCL13;FPR2;MST1R;PLA2G5;ADRB2;NOD2;EGFR;CCL8;IRAK1;PDGFD;CCL4;ERBB2;P2RY1;GCNT2;CCL3;S100A12;CCL19;IGFBP6;TBX1;CCL24;TGFB2;TGFB1;CCL20;GDF15;CAV2;INSR;PLA2G2A;DAB2IP;OSM;TPD52L1;BMP4;BMP2;NEK10;F2RL1;TEK;CD24;FGFR2;GSDME
GO_Biological_Process_2023,Regulation Of Cell Growth (GO:0001558),44/227,7.340745593810603e-05,0.0082652827415716,0,0,2.021296397394103,19.241700832497525,CDA;SLC44A4;DCUN1D5;FHL1;FAM107A;TNC;WFDC1;AKAP6;ENO1;TMEM97;RASGRP2;EGFR;CYP27B1;WNT11;SOX17;FRZB;RPS6KA1;ERBB2;PLCE1;DACT3;SLIT2;TSPYL2;MINAR1;TGFB2;TGFB1;SPHK2;CDKN2A;SPHK1;OSGIN1;NRG1;AGT;ESR2;PML;DCBLD2;BST2;SFRP1;SFRP2;PRKCQ;MELTF;SGK1;SGK2;S100A9;FBP1;S100A8
GO_Biological_Process_2023,Gland Morphogenesis (GO:0022612),5/6,7.739827478367893e-05,0.008485295072337,0,0,41.693134049509574,394.68997416702655,SLC9A3R1;TGFB2;TGFB1;MSN;FGFR2
GO_Biological_Process_2023,Negative Regulation Of Angiogenesis (GO:0016525),22/86,7.976134611564383e-05,0.0085201478953274,0,0,2.879149011299435,27.169007748817,MINAR1;TGFB2;SEMA6A;YJEFN3;STAT1;PDE3B;SPINK5;DAB2IP;PTPRM;NRG1;ISM1;DCN;KLF2;PML;AMOT;CLDN5;CXCL10;ALOX5;PGK1;PPARG;TEK;ADAMTS9
GO_Biological_Process_2023,Regulation Of Secretion (GO:0051046),8/16,0.0001009082833926696,0.0098983704255313,0,0,8.347053320860617,76.80372952538248,SCIN;ERBB3;OAS2;KCNQ1;NRG1;SGK1;GPLD1;CES1
GO_Biological_Process_2023,Regulation Of ERK1 And ERK2 Cascade (GO:0070372),46/244,0.00010209601379372016,0.0098983704255313,0,0,1.9532852332852333,17.94990387721319,CCL13;PTPRR;PSCA;GSTP1;FBLN1;ARRB1;FPR2;PLA2G5;NOD2;CX3CL1;EGFR;SLC9A3R1;RPS6KA6;CCL8;PDGFD;CCL4;ERBB2;P2RY1;GCNT2;CCL3;SIRPA;CCR7;CCL19;EPHB2;GBP1;CCL24;SEMA6A;TGFB1;CCL20;DENND2B;LMO3;PLA2G2A;DAB2IP;NRG1;CCNA2;TGFBR3;BMP2;GAREM1;HAND2;NEK10;F2RL1;SPRY1;TEK;ARHGEF5;CD44;FGFR2
GO_Biological_Process_2023,Negative Regulation Of Epithelial Cell Proliferation (GO:0050680),19/70,0.00010223150246652804,0.0098983704255313,0,0,3.1182370456410116,28.65120603340936,TGFB2;TGFB1;CAV2;STAT1;CAV1;DAB2IP;PTPRM;GATA3;NR2F2;TGFBR3;CYP27B1;SFRP1;SFRP2;CDK6;ALOX5;ATOH8;SNAI2;SOX9;FGFR2
GO_Biological_Process_2023,Positive Regulation Of Defense Response (GO:0031349),28/124,0.0001025133048614686,0.0098983704255313,0,0,2.4454280768020147,22.462523529827024,CEBPA;IFI35;FPR2;MEFV;NPAS2;CX3CL1;CAMK2N1;CASP4;CASP1;CCL3;S100A12;SNCA;GBP5;IL33;MEF2C;IL15;PDE2A;PLA2G2A;IL18;OSM;NKG7;AGT;AIM2;MMRN2;POLR3G;S100A9;S100A8;TLR2
GO_Biological_Process_2023,Cellular Response To Chemokine (GO:1990869),17/59,0.000104543518656596,0.0098983704255313,0,0,3.386387528238162,31.039313579098696,CXCL6;RIPOR2;CCL13;CCL24;CXCL9;CXCL8;CCL20;CXCL1;CXCL3;CX3CL1;CXCL10;CXCL11;CCL8;CXCL12;CCL4;CCL3;CCL19
GO_Biological_Process_2023,Regulation Of Cell Adhesion (GO:0030155),31/144,0.00011579572021272131,0.0100987406641439,0,0,2.301182033096927,20.857184362709024,SEMA5A;RIPOR2;CXCL8;TNXB;LAMA2;LAMA1;PDE3B;TNC;CHRD;ADAM22;C2CD4B;FBLN1;CELSR2;DLL1;RND1;EPB41L4B;ERBB3;PLAU;ERBB2;CCR7;EPHB2;ZFHX3;TESC;TNFRSF18;IL18;PLAUR;NRG1;RHOD;CXCL12;CDH13;TGFBI
GO_Biological_Process_2023,Chondrocyte Differentiation (GO:0002062),11/29,0.00011634925123177664,0.0100987406641439,0,0,5.10528233151184,46.248314116393686,BMP4;WNT10B;MEF2C;BMP2;TGFB1;WNT5B;CREB3L2;EIF2AK3;SOX9;GPLD1;SULF2
GO_Biological_Process_2023,Positive Regulation Of Cellular Process (GO:0048522),93/594,0.00011774474190123434,0.0100987406641439,0,0,1.569028528427801,14.194987729867725,CD86;RYR2;VIPR1;SLC44A4;CSF1;CDCA7L;LAMC2;FOXM1;AREG;CX3CL1;TGM1;EPB41L4B;FGF7;CDH3;MYC;NAMPT;DPF1;RPS6KA1;CTSH;CCR7;SOX9;SOX4;KRT6A;EDN1;CR1;IL15;SPHK1;TNFRSF18;NRG1;AVPR1A;PROX1;AXIN2;OSMR;TMEM250;RHOD;ADRA2A;CDC25B;CLDN5;TIAM1;HCK;SFRP1;GAREM1;SFRP2;MAPT;S100A9;S100A8;TSPYL5;HBEGF;TLR2;PTGFR;TNXB;LAMA2;LAMA1;CHRD;AKAP6;MST1R;PTN;LILRA2;AIF1;DLL1;EGFR;PTHLH;DPP4;ERBB3;PDGFD;ZNF703;ERBB2;GCNT2;CCL19;DUOX2;IL12RB2;TBX1;TGFB2;ZFHX3;TGFB1;INSR;CAV1;OSM;VEGFC;S100B;TBX3;BMP6;FOSL1;BMP4;BST1;GDF9;KITLG;BMP2;CXCL12;BAMBI;CLCF1;MDM2;FGFR2
GO_Biological_Process_2023,Positive Regulation Of Intracellular Signal Transduction (GO:1902533),84/525,0.00011840270151412264,0.0100987406641439,0,0,1.60851692762459,14.543275541699709,SEMA5A;CD86;IFI35;CX3CL1;EDA2R;NR3C2;TNFSF10;CASP1;PLCE1;CCR7;SOX9;TRIM22;SPHK2;SPHK1;HGF;TNFRSF19;IL18;ADRA2C;ADRA2A;DCN;DOK2;FRMD6;DOK5;DOK6;CDH13;PPARG;PRKD1;TLR6;CARD16;S100A9;GAPDH;S100A8;TSPYL5;HBEGF;BIRC3;TLR2;PRKN;GATA3;NOD2;MST1R;TXN;ADRB2;EGFR;SLC9A3R1;WNT11;IRAK1;ERBB3;PDGFD;TSPAN6;CCL4;ERBB2;GCNT2;CCL3;HMOX1;S100A12;PMAIP1;CCL19;IGFBP6;SASH1;TBX1;TGFB2;TGFB1;F10;RBPMS;GDF15;CAV2;PLK2;INSR;CAV1;DAB2IP;OSM;S100B;AGT;BMP6;BST2;BMP4;SELP;DAB2;BMP2;F2RL1;HPSE;TEK;FGFR2;GSDME
GO_Biological_Process_2023,Negative Regulation Of Cell Growth (GO:0030308),28/125,0.00011878019504154005,0.0100987406641439,0,0,2.420081189217605,21.873264620776236,CDA;FHL1;SEMA3G;WFDC1;ENO1;CYP27B1;WNT11;SOX17;MAP2;FRZB;DACT3;SLIT2;MINAR1;TSPYL2;TGFB2;TGFB1;SPHK2;CDKN2A;OSGIN1;NRG1;ESR2;PML;DCBLD2;BST2;SFRP1;SFRP2;FGF13;FBP1
GO_Biological_Process_2023,Epithelial Cell Differentiation (GO:0030855),29/132,0.0001302797475703969,0.0104578253511517,0,0,2.360819257880037,21.119479514622387,MESP1;TAGLN;UPK2;SIX1;GATA3;UPK1B;ZNF703;PGK1;E2F7;CTSB;FN3K;TBX1;CBR1;JAG1;ANXA1;AKR1C1;SPINK5;PROX1;BMP4;DAB2;DHRS9;KRT17;KRT16;KRT15;KRT14;PPARG;RHCG;FGFR2;CES1
GO_Biological_Process_2023,Negative Regulation Of Blood Vessel Morphogenesis (GO:2000181),20/77,0.0001321439979365651,0.0104578253511517,0,0,2.937234902873364,26.23426111714373,MINAR1;TGFB2;SEMA6A;YJEFN3;STAT1;PDE3B;SPINK5;DAB2IP;PTPRM;NRG1;ISM1;DCN;PML;AMOT;CLDN5;CXCL10;ALOX5;PGK1;PPARG;TEK
GO_Biological_Process_2023,Regulation Of T Cell Proliferation (GO:0042129),20/77,0.0001321439979365651,0.0104578253511517,0,0,2.937234902873364,26.23426111714373,CD86;PLA2G2F;CD274;CEBPB;ANXA1;CR1;IL15;CD70;PLA2G2A;TNFRSF13C;PDCD1LG2;PLA2G5;VTCN1;LILRB2;SLC7A1;CD209;TNFSF9;CCL19;NCK1;IDO1
GO_Biological_Process_2023,Negative Regulation Of Lymphocyte Proliferation (GO:0050672),13/39,0.00013304482563875243,0.0104578253511517,0,0,4.179090482887951,37.29764892732859,CD86;PLA2G2F;CD274;CEBPB;CR1;CD300A;PLA2G2A;PLA2G5;VTCN1;LILRB2;PDCD1LG2;CTLA4;MNDA
GO_Biological_Process_2023,Vascular Transport (GO:0010232),21/83,0.00013608361575962222,0.010498598949159,0,0,2.8359165085388995,25.246012326603587,SLC22A3;ABCC1;SLC13A3;ABCC2;ABCB1;SLC16A1;SLC2A10;INSR;ATP2A3;SLC1A4;SLC2A4;ATP1B2;AVPR1A;SLC6A1;SLC7A1;SLC7A2;SLC7A5;SLC9A3R1;SLC7A8;SLC29A4;SLC38A5
GO_Biological_Process_2023,Negative Regulation Of Cell Adhesion (GO:0007162),19/72,0.00015378699837294076,0.0116486660949394,0,0,3.000230637535372,26.341851105401187,SEMA5A;RIPOR2;SEMA6A;JAG1;TGFB1;FZD4;PDE3B;ADAM22;NRG1;FBLN1;CX3CL1;RND1;ERBB3;GCNT2;CDH13;SNAI2;TGFBI;EPHB2;JAM3
GO_Biological_Process_2023,Negative Regulation Of Wnt Signaling Pathway (GO:0030178),30/140,0.0001614151745834498,0.0117319055315557,0,0,2.286990891905826,19.968931384695537,PRKN;NXN;NKD1;NKD2;SLC9A3R1;WNT11;SOX17;TMEM88;FRZB;DACT3;SOX9;IGFBP6;TLE2;CAV1;TPBG;DAB2IP;SHISA2;AXIN2;TMEM64;DKK1;DKK2;TLE6;SFRP4;SFRP1;BMP2;DAB2;SFRP2;SNAI2;TRABD2B;MDFI
GO_Biological_Process_2023,Regulation Of Canonical Wnt Signaling Pathway (GO:0060828),40/207,0.00016321357771880392,0.0117319055315557,0,0,2.011589356898738,17.541966262231078,PRKN;SEMA5A;PPM1N;NRARP;LYPD6;EGFR;NKD1;NKD2;SLC9A3R1;CDH3;WNT11;SOX17;TMEM88;FRZB;ZNF703;GPC3;DACT3;SOX9;IGFBP6;SOX7;SOX4;TLE2;TGFB1;CAV1;TPBG;DAB2IP;TMEM64;AXIN2;DKK1;DKK2;TLE6;SFRP4;SFRP1;BMP2;DAB2;SFRP2;DAAM2;BAMBI;SNAI2;FGFR2
GO_Biological_Process_2023,Regulation Of Interleukin-1 Beta Production (GO:0032651),21/84,0.0001633342584806136,0.0117319055315557,0,0,2.7907450980392157,24.334492938099363,GBP5;SERPINB1;FZD5;GSTP1;NOD2;LILRA2;MEFV;CX3CL1;PANX1;AIM2;IFI16;CASP1;CCL3;NLRP2;SIRPA;F2RL1;CCR7;MNDA;CARD16;TLR6;CCL19
GO_Biological_Process_2023,Regulation Of Cartilage Development (GO:0061035),8/17,0.00017268181027403157,0.0121930918915528,0,0,7.419187194678308,64.28028229315535,BMP4;BMP2;SCIN;WNT11;ZBTB16;MBOAT2;SOX9;PTHLH
GO_Biological_Process_2023,Positive Regulation Of Wound Healing (GO:0090303),13/40,0.00017788700529331372,0.012351287734199,0,0,4.024083624177389,34.74539477355193,ANXA1;F12;CLDN1;ADRA2A;MYLK;SMOC2;OCLN;CLDN3;ST3GAL4;ENPP4;HPSE;DUOX2;HBEGF
GO_Biological_Process_2023,Regulation Of Epithelial Cell Proliferation (GO:0050678),22/91,0.00019486282494642177,0.0129135787355267,0,0,2.6697644586369713,22.808370991949673,TBX1;TGFB2;TGFB1;DAB2IP;NOD2;SGPP2;EGFR;BMP6;TGFBR3;BMP4;EPB41L4B;NR4A1;FGF7;SFRP1;SFRP2;CDK6;NR4A3;MYC;ERBB2;SOX9;PRKD1;FGFR2
GO_Biological_Process_2023,Calcium-Mediated Signaling (GO:0019722),21/85,0.0001952845560101264,0.0129135787355267,0,0,2.746985294117647,23.462146441996392,RYR2;PTGFR;PRNP;EDN1;CXCL8;CCL20;SPHK1;EIF2AK3;ANK2;CACNA1C;FPR2;PPP1R9A;ATP1B1;SELE;NCALD;SELP;FCGR3A;EDNRB;RCAN2;CCL3;PLCE1
GO_Biological_Process_2023,Response To Interleukin-1 (GO:0070555),21/85,0.0001952845560101264,0.0129135787355267,0,0,2.746985294117647,23.462146441996392,CCL13;CCL24;CXCL8;ANXA1;PTGIS;IL1R1;CCL20;DAB2IP;SELE;CX3CL1;SFRP1;CCL8;IRAK1;CCL4;CCL3;SIRPA;SOX9;CCL19;GBP1;ADAMTS7;SNCA
GO_Biological_Process_2023,Cell Junction Organization (GO:0034330),17/62,0.00020386313038236252,0.0130660584795834,0,0,3.1600960283910027,26.85469108657685,NLGN3;C1QA;TGFB2;CXADR;TGFB1;RAB39B;SLC6A1;L1CAM;CLDN1;OCLN;CLDN3;HMCN2;SNCG;MAPT;LIMS2;TJP3;SNCA
GO_Biological_Process_2023,Positive Regulation Of Apoptotic Signaling Pathway (GO:2001235),17/62,0.00020386313038236252,0.0130660584795834,0,0,3.1600960283910027,26.85469108657685,TNFRSF12A;CAV1;DAB2IP;G0S2;CTSV;TPD52L1;PML;SLC9A3R1;CTSL;TNFSF10;CTSH;PMAIP1;FAS;TLR6;S100A9;S100A8;GSDME
GO_Biological_Process_2023,Response To Lipid (GO:0033993),25/110,0.00021140561689005007,0.0133441787873325,0,0,2.4640153090939347,20.849836979808455,FOXA1;ALAS1;PALM3;AQP3;CYP27B1;IRAK1;HSD17B2;SPP1;CTSH;SOX9;S100A14;SNCA;PAQR8;PAQR7;TGFB1;ANXA1;SMAD6;SELE;ACER2;SELP;SLPI;ALDH1A2;PPARG;S100A9;S100A8
GO_Biological_Process_2023,Positive Regulation Of Non-Canonical Wnt Signaling Pathway (GO:2000052),6/10,0.0002170081206374098,0.0134419649227034,0,0,12.511682242990654,105.5432437314586,DAB2;SFRP1;WNT5B;RSPO3;DKK1;NKD1
GO_Biological_Process_2023,Positive Regulation Of Inflammatory Response (GO:0050729),24/104,0.0002194079728141711,0.0134419649227034,0,0,2.512818096135721,21.16943122552795,CEBPA;IL33;IL15;PDE2A;PLA2G2A;IL18;OSM;NKG7;C2CD4B;IFI35;MEFV;OSMR;CX3CL1;AGT;AIM2;CAMK2N1;CASP4;CASP1;CCL3;S100A12;S100A9;S100A8;TLR2;SNCA
GO_Biological_Process_2023,Positive Regulation Of Lymphocyte Proliferation (GO:0050671),19/74,0.00022689620765811797,0.0136992695812133,0,0,2.8908065136555967,24.25680914379976,CD86;CD274;MEF2C;ANXA1;IL15;CD70;IL18;TNFRSF13C;PDCD1LG2;LILRB2;SLC7A1;BST1;FCGR3A;CD209;CLCF1;CD38;CCL19;EPHB2;NCK1
GO_Biological_Process_2023,Chemokine-Mediated Signaling Pathway (GO:0070098),16/57,0.0002313753549964008,0.0137701389845,0,0,3.263574945608611,27.320917311310755,CXCL6;CCL13;CCL24;CXCL9;CXCL8;CCL20;CXCL1;CXCL3;CX3CL1;CXCL10;CXCL11;CCL8;CXCL12;CCL4;CCL3;CCL19
GO_Biological_Process_2023,Coronary Vasculature Development (GO:0060976),5/7,0.00024679086139812355,0.0142795934525636,0,0,20.845399346099953,173.16209230984148,BMP4;MESP1;MYOCD;GPC3;APLN
GO_Biological_Process_2023,Positive Regulation Of Plasminogen Activation (GO:0010756),5/7,0.00024679086139812355,0.0142795934525636,0,0,20.845399346099953,173.16209230984148,CLEC3B;F12;ENO1;MELTF;S100A10
GO_Biological_Process_2023,Sprouting Angiogenesis (GO:0002040),15/52,0.000259192388017929,0.0147917190203108,0,0,3.389539234213096,27.990611492033626,SEMA5A;TGFB1;YJEFN3;VEGFC;NRARP;DLL1;BMP4;NR4A1;ADGRA2;RSPO3;CDH13;SLIT2;TEK;GPLD1;E2F7
GO_Biological_Process_2023,Regulation Of Inflammatory Response (GO:0050727),44/240,0.000272324346517527,0.0148151282298197,0,0,1.8858424435425931,15.47996928877406,CEBPA;TNC;IFI35;FPR2;GATA3;NOD2;MEFV;CX3CL1;C1QTNF3;CAMK2N1;ALOX5;CASP4;NLRP2;CASP1;CCL3;S100A12;SIRPA;SLC39A8;SNCA;TRIM45;IL33;ANXA1;PTGIS;IL1R1;IL15;SPHK1;PDE2A;PLA2G2A;IL18;OSM;NKG7;SELE;MMP9;AGT;BST1;HCK;AIM2;PPARG;CARD16;TEK;S100A9;S100A8;TLR2;BIRC3
GO_Biological_Process_2023,Positive Regulation Of Cell Differentiation (GO:0045597),50/283,0.00027455458542640027,0.0148151282298197,0,0,1.8040698817285328,14.794023330202863,RIPOR2;IFITM1;CSF1;DPF1;RPS6KA1;BOC;SOX9;SOX4;TP63;CMKLR1;MEF2C;HGF;LMO3;IL18;AXIN2;ADRA2C;CCNA2;TIAM1;SFRP1;SFRP2;ZEB1;PPARG;PRKD1;CEBPB;TNXB;LAMA2;LAMA1;PLA2G5;PTN;FRZB;GPC1;ZNF703;GCNT2;LRRC8A;TGFB2;TGFB1;ZBTB16;PLA2G2A;TMEM64;ALOX15B;ACVR2B;AGT;BMP6;BMP4;KITLG;BMP2;DAB2;BAMBI;ID2;TMEM119
GO_Biological_Process_2023,Cellular Response To Interleukin-1 (GO:0071347),20/81,0.00027695004891440257,0.0148151282298197,0,0,2.744012460867017,22.478053876355908,CCL13;CCL24;CXCL8;PTGIS;IL1R1;CCL20;DAB2IP;IL1RAP;CX3CL1;RPS6KA4;SFRP1;CCL8;IRAK1;CCL4;CCL3;SIRPA;SOX9;CCL19;GBP1;ADAMTS7
GO_Biological_Process_2023,Heart Development (GO:0007507),34/171,0.0002808903728714678,0.0148151282298197,0,0,2.0818748617562486,17.024627649951302,POPDC2;MESP1;CCM2L;LDB3;CACNA1C;PDLIM3;SGCD;SOX17;ERBB3;FLRT3;GPC3;PLCE1;SOX9;PDLIM4;SOX4;TBX1;MEF2C;TGFB2;MYOCD;CXADR;TGFB1;FOXF1;INSR;TBX5;TBX3;APLN;TBX2;BMP4;TGFBR3;KAT2B;BMP2;ID2;HAND2;TEK
GO_Biological_Process_2023,Regulation Of Non-Canonical Wnt Signaling Pathway (GO:2000050),7/14,0.0002809783547238533,0.0148151282298197,0,0,8.343618513323984,68.22771198783454,SFRP4;TIAM1;SFRP1;WNT5B;DAAM2;GPC3;RSPO3
GO_Biological_Process_2023,Regulation Of Epithelial Cell Differentiation (GO:0030856),8/18,0.0002816427029053108,0.0148151282298197,0,0,6.6768942937324605,54.582751543896066,CEBPB;CAV1;GATA3;SOX9;CD24;ALOX15B;DLL1;APOLD1
GO_Biological_Process_2023,Muscle Organ Development (GO:0007517),16/58,0.0002880521811366782,0.0148151282298197,0,0,3.185691929353901,25.970935840867703,TEAD4;TBX1;MEF2C;TAGLN;LAMA2;FHL1;CACNA1H;CXCL10;SGCD;MYH3;DES;SGCA;ITGA7;ITGB1BP2;LARGE1;HBEGF
GO_Biological_Process_2023,Response To Organic Cyclic Compound (GO:0014070),16/58,0.0002880521811366782,0.0148151282298197,0,0,3.185691929353901,25.970935840867703,FOXA1;PAQR8;ALAS1;ANXA1;PAQR7;TGFB1;ABCB4;IL18;AQP3;CYP27B1;SFRP1;KYNU;CCL3;SPP1;PMAIP1;ADA
GO_Biological_Process_2023,Cardiac Ventricle Morphogenesis (GO:0003208),13/42,0.0003073468871580704,0.015614721120738,0,0,3.74614029131707,30.297035186637405,MESP1;MEF2C;TGFB2;JAG1;TGFB1;FOXF1;GATA3;PROX1;BMP4;TGFBR3;SFRP2;SOX4;FGFR2
GO_Biological_Process_2023,Regulation Of Ossification (GO:0030278),12/37,0.00032075322150778044,0.0160994930217037,0,0,4.010271790065604,32.26198893568314,BMP4;CYP27B1;MEF2C;BMP2;SFRP1;ZBTB16;S1PR1;PTN;SOX9;KREMEN2;SMAD6;DKK1
GO_Biological_Process_2023,Regulation Of Endothelial Cell Migration (GO:0010594),21/88,0.00032644290556898403,0.016190013626195,0,0,2.623543459174715,21.05985364280814,EDN1;ANXA3;DAB2IP;PTPRM;PROX1;GATA3;PTN;NR2F2;DCN;AGT;BMP4;SMOC2;DNAJA4;RHOJ;ATOH8;PRKD1;SLIT2;TEK;ADAMTS9;GPLD1;SASH1
GO_Biological_Process_2023,Regulation Of miRNA Transcription (GO:1902893),16/59,0.0003563347253519481,0.0174645937154848,0,0,3.1114313789715036,24.70364512430516,FOXA1;TGFB2;TGFB1;GATA3;NR3C1;GATA2;POU5F1;EGFR;APLN;NFATC4;BMP4;FOSL1;MYC;ATOH8;PPARG;SOX9
GO_Biological_Process_2023,Positive Regulation Of T Cell Proliferation (GO:0042102),17/65,0.00037688306761487984,0.0182569169730649,0,0,2.962090966024738,23.351868017651498,CD86;CD274;ANXA1;IL15;CD70;IL18;TNFRSF13C;PDCD1LG2;LILRB2;AIF1;SLC7A1;CD209;TNFSF9;CCL19;IL12RB1;CD24;NCK1
GO_Biological_Process_2023,Positive Regulation Of Biomineral Tissue Development (GO:0070169),13/43,0.00039768072821919775,0.0190429645259905,0,0,3.6210657915299262,28.352442054942543,TFAP2A;CEBPB;MEF2C;PTN;ACVR2B;BMP6;BMP4;CCNA2;CYP27B1;WNT6;BMP2;ALOX5;TMEM119
GO_Biological_Process_2023,Regulation Of Smooth Muscle Cell Proliferation (GO:0048660),15/54,0.0004071676039122121,0.0192756845215713,0,0,3.2153557376457425,25.09998536750034,EDN1;TGFB1;STAT1;ELN;IL18;CX3CL1;BMP4;BMP2;NR4A3;ID2;RBPMS2;CDH13;HMOX1;PPARG;APOD
GO_Biological_Process_2023,Positive Regulation Of Vascular Permeability (GO:0043117),6/11,0.0004339924064361411,0.0197488755680533,0,0,10.008785046728972,77.49285328660629,OCLN;TGFB1;PDE2A;FGFBP3;BMP6;TJP3
GO_Biological_Process_2023,Sphingoid Metabolic Process (GO:0046519),6/11,0.0004339924064361411,0.0197488755680533,0,0,10.008785046728972,77.49285328660629,SPHK2;SPTLC3;SPHK1;DEGS2;SGPP2;PLPP1
GO_Biological_Process_2023,Response To Retinoic Acid (GO:0032526),16/60,0.0004381154629931664,0.0197488755680533,0,0,3.040546308151942,23.512629943565223,TBX1;WNT10B;WNT5B;FZD4;TESC;FZD10;AQP3;AQP1;ACER2;WNT6;WNT11;ALDH1A2;HSD17B2;CTSH;SOX9;EPHA3
GO_Biological_Process_2023,Negative Regulation Of Axon Extension Involved In Axon Guidance (GO:0048843),8/19,0.00044086544114953544,0.0197488755680533,0,0,6.06956373841313,46.89812817338942,SEMA5A;SEMA5B;SEMA6A;SEMA3D;SEMA4B;SEMA3B;SEMA3G;SEMA4G
GO_Biological_Process_2023,Sphingosine Metabolic Process (GO:0006670),8/19,0.00044086544114953544,0.0197488755680533,0,0,6.06956373841313,46.89812817338942,ACER2;ASAH1;SPHK2;SPTLC3;SPHK1;SPTSSB;SGPP2;PLPP1
GO_Biological_Process_2023,Regulation Of Wnt Signaling Pathway (GO:0030111),24/109,0.0004610837559818312,0.0204348396534075,0,0,2.3643399678438763,18.16269613464106,PRKN;ITGA3;NXN;SHISA2;DKK1;NKD1;NKD2;SULF2;SFRP4;TIAM1;SFRP1;BMP2;SFRP2;DAAM2;FRZB;ZNF703;GPC3;DACT3;RSPO3;SOX7;TRABD2B;FGFR2;MDFI;TLR2
GO_Biological_Process_2023,Regulation Of Pathway-Restricted SMAD Protein Phosphorylation (GO:0060393),16/61,0.0005355087706587228,0.0234834688269919,0,0,2.972811684924361,22.39208950608461,TGFB2;TNXB;TGFB1;RBPMS;GDF15;BMP8B;SMAD6;DKK1;BMP6;GDF7;BMP4;GDF9;BMP2;DAB2;PMEPA1;PPARG
GO_Biological_Process_2023,His-Purkinje System Development (GO:0003164),4/5,0.0006044530570967607,0.0254358730895465,0,0,33.338935574229694,247.0810708083191,ID2;IRX3;TBX5;HOPX
GO_Biological_Process_2023,Cell Junction Disassembly (GO:0150146),4/5,0.0006044530570967607,0.0254358730895465,0,0,33.338935574229694,247.0810708083191,C1QB;DKK1;CX3CL1;C1QC
GO_Biological_Process_2023,Positive Regulation Of Gap Junction Assembly (GO:1903598),4/5,0.0006044530570967607,0.0254358730895465,0,0,33.338935574229694,247.0810708083191,CAV1;IRX3;TBX5;AGT
GO_Biological_Process_2023,Positive Regulation Of Vesicle Fusion (GO:0031340),4/5,0.0006044530570967607,0.0254358730895465,0,0,33.338935574229694,247.0810708083191,ANXA1;ANXA2;DOC2B;SNCA
GO_Biological_Process_2023,Positive Regulation Of Epithelial Cell Differentiation (GO:0030858),8/20,0.0006659933158639229,0.0274705757810802,0,0,5.5634549423136885,40.69239418176363,BMP4;SULT2B1;MESP1;SFRP4;ATOH8;SFN;SOX9;TP73
GO_Biological_Process_2023,Xenobiotic Transport (GO:0042908),8/20,0.0006659933158639229,0.0274705757810802,0,0,5.5634549423136885,40.69239418176363,SLC22A3;SLC7A5;ABCC1;ABCB1;ABCC2;SLC47A1;SLC29A4;ABCA8
GO_Biological_Process_2023,Response To Lipopolysaccharide (GO:0032496),31/159,0.0007205941511231746,0.0294313258194033,0,0,2.029794621749409,14.686445986134483,CD86;CD274;CXCL6;CXCL9;CXCL8;GFI1;GSTP1;PALM3;CXCL1;NOD2;CXCL3;CYP27B1;IRAK1;CASP1;SIRPA;CD14;S100A14;SNCA;MEF2C;DAB2IP;PDCD1LG2;LILRB2;SMAD6;SELE;SELP;CXCL10;CXCL11;SLPI;CARD16;S100A9;S100A8
GO_Biological_Process_2023,Positive Regulation Of Interleukin-1 Beta Production (GO:0032731),15/57,0.0007617887698644324,0.0308117671384002,0,0,2.9851846886103104,21.43315215304276,GBP5;FZD5;NOD2;LILRA2;MEFV;PANX1;AIM2;IFI16;CASP1;CCL3;NLRP2;F2RL1;MNDA;TLR6;CCL19
GO_Biological_Process_2023,Regulation Of Plasminogen Activation (GO:0010755),7/16,0.0007714708296433372,0.0309033411182129,0,0,6.48875383096982,46.50627235498437,CLEC3B;PLAU;F12;PLAUR;ENO1;MELTF;S100A10
GO_Biological_Process_2023,Epithelial Cell Migration (GO:0010631),13/46,0.0008143914038853836,0.0323119484627286,0,0,3.29132392845473,23.411415742729716,KANK2;S100A2;STAT1;DPP4;ANLN;ADGRA2;DAAM2;KRT16;S100A12;CDH13;FAT2;S100P;S100A9
GO_Biological_Process_2023,Positive Regulation Of Cytokine Production (GO:0001819),53/320,0.0009001665321055143,0.0351334355362663,0,0,1.6679658071939458,11.697328742726478,CD86;CGAS;IFIH1;C1QTNF3;CASP1;CCR7;HAVCR2;GBP5;ANXA1;FCER1G;IL1R1;IL15;SPHK2;SPHK1;IL18;HLA-A;ADRA2A;TLR1;SLC7A5;IRF1;PRKCQ;TLR6;RAB7B;GAPDH;TLR2;CD274;CEBPB;TXK;GATA3;NOD2;LILRA2;AIF1;IRAK1;IFI16;HMOX1;CD14;CCL19;IL12RB1;IL12RB2;IL33;TGFB1;FZD5;EIF2AK3;OSM;LILRB2;ALOX15B;SORL1;AGT;SULF2;F2RL1;NOX5;HPSE;IL17D
GO_Biological_Process_2023,Lymphocyte Migration (GO:0072676),12/41,0.000910804377800471,0.0351334355362663,0,0,3.4563552338170185,24.19857349074216,CCL13;CCL24;CCL8;CCL20;TBX21;CCL4;CCL3;S1PR1;MSN;GATA3;CCL19;CX3CL1
GO_Biological_Process_2023,Positive Regulation Of Ossification (GO:0045778),12/41,0.000910804377800471,0.0351334355362663,0,0,3.4563552338170185,24.19857349074216,TFAP2A;BMP4;CCNA2;CYP27B1;MEF2C;BMP2;ALOX5;ZBTB16;TMEM119;PTN;ACVR2B;BMP6
GO_Biological_Process_2023,Renal System Development (GO:0072001),15/58,0.0009270462236534652,0.0354318767682599,0,0,2.915598092390296,20.361100066240464,TFAP2A;MYOCD;TGFB2;FOXF1;STAT1;PCSK9;SIX1;PROX1;GATA3;AGT;SULF2;BMP4;SOX17;SIX2;ITGA8
GO_Biological_Process_2023,Antigen Processing And Presentation Of Endogenous Peptide Antigen (GO:0002483),8/21,0.0009752826804108346,0.0369366149690139,0,0,5.135209037921854,35.60129094844718,ERAP2;HLA-B;TAP2;HLA-C;TAP1;HLA-A;HLA-F;ULBP2
GO_Biological_Process_2023,Negative Regulation Of T Cell Proliferation (GO:0042130),11/36,0.0009954006932446705,0.0373589125050207,0,0,3.674360655737705,25.398522710935737,CD86;PLA2G2F;CD274;PRNP;CEBPB;CR1;PLA2G2A;PLA2G5;VTCN1;LILRB2;PDCD1LG2
GO_Biological_Process_2023,Positive Regulation Of Smooth Muscle Cell Proliferation (GO:0048661),13/47,0.0010166300242537,0.0378150060807242,0,0,3.1943410275502604,22.013041000162115,EDN1;TGFB1;STAT1;IL18;AIF1;MMP9;CX3CL1;BMP4;NR4A3;ID2;RBPMS2;HMOX1;CDH13
GO_Biological_Process_2023,Positive Regulation Of Apoptotic Process (GO:0043065),46/270,0.0010469541054731,0.0383519490503263,0,0,1.7240221088435377,11.830015902417657,FOXA1;PCSK9;CTSV;IFIT2;RASSF2;SCIN;CTSL;FRZB;TNFSF10;CCL3;CTLA4;CTSH;PMAIP1;BAK1;SLIT2;PHLDA1;SOX4;TP63;SNCA;TFAP2A;WNT10B;PRNP;TGFB2;PTGIS;TNFRSF12A;DAPK1;SPHK2;GZMA;DAB2IP;TNFRSF10A;NRG1;TPD52L1;CLIP3;BMP4;SFRP4;SFRP1;BMP2;SFRP2;MELK;STK17A;KCNMA1;FAS;ITGA6;MNDA;GPLD1;CDK5R1
GO_Biological_Process_2023,Negative Regulation Of Chemotaxis (GO:0050922),10/31,0.0010520599791336,0.0383519490503263,0,0,3.975610843588372,27.26078403645983,SEMA5A;SEMA5B;SEMA6A;SEMA3D;SEMA4B;SEMA3B;SEMA3G;NRG1;SLIT2;SEMA4G
GO_Biological_Process_2023,Regulation Of Epithelial To Mesenchymal Transition (GO:0010717),19/83,0.0010586831830983,0.0383519490503263,0,0,2.483030677009873,17.010571317758526,FOXA1;TGFB2;TNXB;TGFB1;DAB2IP;AXIN2;GATA3;TBX5;AGT;TIAM1;SFRP1;BMP2;DAB2;SFRP2;BAMBI;ZNF703;GCNT2;SPRY1;EPHA3
GO_Biological_Process_2023,Cell-Cell Junction Assembly (GO:0007043),17/71,0.0011218000427141,0.0396052455758223,0,0,2.6320825287476297,17.879264692790933,CNTNAP1;CLDN11;CLDN5;ARVCF;PARD6B;GJB2;CDH3;GJB6;GJA4;CDH11;ZNF703;FSCN1;CDH13;PKP1;DCHS1;PKP3;JAM3
GO_Biological_Process_2023,Myeloid Leukocyte Differentiation (GO:0002573),17/71,0.0011218000427141,0.0396052455758223,0,0,2.6320825287476297,17.879264692790933,BATF2;CEBPA;IL33;CSF1;IL15;PDE1B;GATA3;MMP9;DHRS2;BMP4;BMP2;IFI16;UCP2;F2RL1;CCR7;PPARG;CCL19
GO_Biological_Process_2023,Negative Regulation Of Cellular Response To Growth Factor Stimulus (GO:0090288),17/71,0.0011218000427141,0.0396052455758223,0,0,2.6320825287476297,17.879264692790933,CHRD;DAB2IP;SHISA2;CHRDL2;SMAD6;SORL1;AGT;APLN;SULF2;BAMBI;GPC1;CAPN5;MMRN2;RBPMS2;PPARG;SPRY1;SLIT2
GO_Biological_Process_2023,Mesenchyme Development (GO:0060485),7/17,0.0011906250733338,0.0409929260785843,0,0,5.839551192145863,39.31931478672095,BMP4;MESP1;SFRP2;WNT11;FOXF1;FGFR2;SOX4
GO_Biological_Process_2023,Negative Regulation Of Vascular Associated Smooth Muscle Cell Proliferation (GO:1904706),7/17,0.0011906250733338,0.0409929260785843,0,0,5.839551192145863,39.31931478672095,BMP4;CNN1;MEF2C;TAFA5;PPARG;PRKG1;APLN
GO_Biological_Process_2023,Positive Regulation Of Potassium Ion Transmembrane Transport (GO:1901381),7/17,0.0011906250733338,0.0409929260785843,0,0,5.839551192145863,39.31931478672095,KCNH2;KCNQ1;AKAP6;ANK2;ATP1B3;ATP1B2;ATP1B1
GO_Biological_Process_2023,Organonitrogen Compound Biosynthetic Process (GO:1901566),25/123,0.0012252748124188,0.041323304362202,0,0,2.135592568003156,14.318272839204225,SLC44A3;ALAS1;SLC44A4;PPM1L;GSTP1;GCNT1;SGPL1;SPTLC3;ORMDL3;ST3GAL4;SPTSSB;LARGE1;ELOVL4;SPHK2;SPHK1;SPNS2;ELOVL6;FMO3;SGPP2;ACER2;PRKD1;DEGS2;NAGS;PLPP1;BCAT2
GO_Biological_Process_2023,Positive Regulation Of Cardiocyte Differentiation (GO:1905209),5/9,0.0012299783343526,0.041323304362202,0,0,10.421531994395142,69.8321714299347,MEF2C;MYOCD;TGFB2;TGFB1;TBX5
GO_Biological_Process_2023,Positive Regulation Of Mesenchymal Cell Proliferation (GO:0002053),5/9,0.0012299783343526,0.041323304362202,0,0,10.421531994395142,69.8321714299347,TBX1;STAT1;MYC;SOX9;FGFR2
GO_Biological_Process_2023,Negative Regulation Of ERK1 And ERK2 Cascade (GO:0070373),13/48,0.0012591759340258,0.0416869952071367,0,0,3.102900006697475,20.718987365373103,PTPRR;SEMA6A;PSCA;GSTP1;LMO3;DAB2IP;FBLN1;SLC9A3R1;RPS6KA6;SIRPA;SPRY1;EPHB2;GBP1
GO_Biological_Process_2023,Aortic Valve Morphogenesis (GO:0003180),11/37,0.0012808294254713,0.0416869952071367,0,0,3.532840929562241,23.529594694354373,BMP4;JAG1;TGFB1;ELN;CDH11;SNAI2;GATA3;SLIT2;SOX9;AXIN2;SMAD6
GO_Biological_Process_2023,Negative Regulation Of Endothelial Cell Migration (GO:0010596),11/37,0.0012808294254713,0.0416869952071367,0,0,3.532840929562241,23.529594694354373,MEF2C;TGFB1;DNAJA4;DAB2IP;PTPRM;NRG1;PPARG;SLIT2;NR2F2;ADAMTS9;DCN
GO_Biological_Process_2023,Negative Regulation Of Smooth Muscle Cell Proliferation (GO:0048662),11/37,0.0012808294254713,0.0416869952071367,0,0,3.532840929562241,23.529594694354373,BMP4;CNN1;MEF2C;BMP2;TAFA5;HMOX1;APOD;PPARG;AIF1;PRKG1;APLN
GO_Biological_Process_2023,Negative Regulation Of Cartilage Development (GO:0061037),6/13,0.00133295951729,0.0417527018724073,0,0,7.148331108144192,47.324479642063416,WNT11;CHADL;SNAI2;SOX9;PTHLH;ADAMTS7
GO_Biological_Process_2023,Negative Regulation Of Myoblast Differentiation (GO:0045662),6/13,0.00133295951729,0.0417527018724073,0,0,7.148331108144192,47.324479642063416,BMP4;TGFB1;SOX9;DLL1;TBX3;SOX4
GO_Biological_Process_2023,Regulation Of Nitric-Oxide Synthase Biosynthetic Process (GO:0051769),6/13,0.00133295951729,0.0417527018724073,0,0,7.148331108144192,47.324479642063416,IL33;EDN1;GSTP1;NAMPT;NOD2;TLR2
GO_Biological_Process_2023,Sphingoid Biosynthetic Process (GO:0046520),6/13,0.00133295951729,0.0417527018724073,0,0,7.148331108144192,47.324479642063416,ACER2;ASAH1;SPHK2;SPTLC3;SPHK1;SPTSSB
GO_Biological_Process_2023,Sphingosine Biosynthetic Process (GO:0046512),6/13,0.00133295951729,0.0417527018724073,0,0,7.148331108144192,47.324479642063416,ACER2;ASAH1;SPHK2;SPTLC3;SPHK1;SPTSSB
GO_Biological_Process_2023,Cellular Response To BMP Stimulus (GO:0071773),16/66,0.0013477917968802,0.0419022434761428,0,0,2.6747793427230047,17.678386295061937,TGFB2;TGFB1;SMAD9;SMAD6;ACVR2B;BMP6;GDF7;TGFBR3;BMP4;FAM83G;GDF9;SFRP1;BMP2;PPARG;SOX9;ADAMTS7
GO_Biological_Process_2023,Cellular Response To Lipopolysaccharide (GO:0071222),25/124,0.001381353176436,0.0422551267779926,0,0,2.113901866377114,13.919392069107696,CD86;CD274;CXCL6;CXCL9;CXCL8;GFI1;GSTP1;CXCL1;NOD2;CXCL3;IRAK1;CASP1;CCL3;SIRPA;CD14;MEF2C;TGFB1;IL18;DAB2IP;PDCD1LG2;LILRB2;CXCL10;HCK;CXCL11;CARD16
GO_Biological_Process_2023,Neuron Projection Guidance (GO:0097485),25/124,0.001381353176436,0.0422551267779926,0,0,2.113901866377114,13.919392069107696,CYFIP2;SEMA5A;SEMA5B;ARHGEF25;SEMA3D;SEMA3B;NRXN3;SEMA3G;KALRN;EFNB1;KIF5C;KIF5A;BOC;PLEKHG4B;SLIT2;EPHB2;SEMA6A;SEMA4B;SEMA4G;L1CAM;CXCL12;PRKCQ;CNTN4;EPHA3;CDK5R1
GO_Biological_Process_2023,NAD Metabolic Process (GO:0019674),8/22,0.0013895708998043,0.0422551267779926,0,0,4.768141119871709,31.36845743114017,KRT17;KYNU;QPRT;NAMPT;ME1;SARM1;NMNAT2;GPD1L
GO_Biological_Process_2023,Synapse Organization (GO:0050808),26/131,0.0014223909669052,0.0426721447236232,0,0,2.073108715184187,13.59009013211335,C1QB;NLGN3;C1QA;TNC;LRRC4;NRXN2;SLC6A1;CX3CL1;FLRT3;HMCN2;SNCG;LRRC4B;SNCA;FZD5;RAB39B;L1CAM;DKK1;CACNB2;SDK1;CACNB3;CACNB4;LRFN4;PPFIBP2;MAPT;PDZRN3;C1QC
GO_Biological_Process_2023,Regulation Of Osteoblast Differentiation (GO:0045667),19/85,0.0014309747969112,0.0426721447236232,0,0,2.407516633186591,15.767787970695194,IFITM1;MEF2C;HGF;CHRD;TMEM64;SMAD6;ACVR2B;BMP6;CCNA2;BMP4;CDK6;BAMBI;TMEM119;SNAI2;PPARG;SOX9;PRKD1;TP63;FGFR2
GO_Biological_Process_2023,Positive Regulation Of Response To Wounding (GO:1903036),9/27,0.0014353246641304,0.0426721447236232,0,0,4.173139915769771,27.31889378199045,OCLN;ANXA1;CLDN3;PTN;CLDN1;DUOX2;ADRA2A;MYLK;HBEGF
GO_Biological_Process_2023,Positive Regulation Of miRNA Transcription (GO:1902895),12/43,0.0014442564584807,0.0426721447236232,0,0,3.233001783716782,21.14435105194833,FOXA1;FOSL1;TGFB2;TGFB1;MYC;ATOH8;PPARG;GATA3;GATA2;NR3C1;EGFR;APLN
GO_Biological_Process_2023,Negative Regulation Of T Cell Activation (GO:0050868),13/49,0.0015479978187508,0.0450976147756362,0,0,3.0165390425587333,19.519399458048905,CD86;PLA2G2F;RIPOR2;CD274;CEBPB;CR1;PLA2G2A;ILDR2;PDCD1LG2;PLA2G5;VTCN1;LILRB2;HAVCR2
GO_Biological_Process_2023,Positive Regulation Of Pathway-Restricted SMAD Protein Phosphorylation (GO:0010862),13/49,0.0015479978187508,0.0450976147756362,0,0,3.0165390425587333,19.519399458048905,TGFB2;TNXB;TGFB1;RBPMS;GDF15;BMP8B;BMP6;GDF7;BMP4;GDF9;BMP2;DAB2;PPARG
GO_Biological_Process_2023,Positive Regulation Of Bone Mineralization (GO:0030501),11/38,0.0016301410667495,0.0471608866949918,0,0,3.401804146066441,21.836482634897425,TFAP2A;BMP4;CCNA2;CYP27B1;MEF2C;BMP2;ALOX5;TMEM119;PTN;ACVR2B;BMP6
GO_Biological_Process_2023,Antigen Processing And Presentation Of Endogenous Peptide Antigen Via MHC Class I (GO:0019885),4/6,0.001658570304252,0.0473260540240697,0,0,16.668534080298787,106.7086099775031,ERAP2;TAP2;TAP1;HLA-A
GO_Biological_Process_2023,Elastic Fiber Assembly (GO:0048251),4/6,0.001658570304252,0.0473260540240697,0,0,16.668534080298787,106.7086099775031,MFAP4;TNXB;MYH11;FBLN5
GO_Biological_Process_2023,Negative Regulation Of Protein Serine/Threonine Kinase Activity (GO:0071901),18/80,0.0017442211237598,0.0491329920860893,0,0,2.427358719379093,15.417240669712005,CEBPA;MYOCD;CD300A;CDKN2A;GSTP1;PLK1;DAB2IP;NR2F2;SORL1;AGT;DUSP7;BMP4;UCHL1;BMP2;PKIA;PPARG;SPRY1;PKIG
GO_Biological_Process_2023,Intracellular Sodium Ion Homeostasis (GO:0006883),7/18,0.0017690707664218,0.0491329920860893,0,0,5.308385396744443,33.6408353451725,SCNN1G;SCNN1B;TMPRSS4;ATP1B3;ATP1A1;ATP1B2;ATP1B1
GO_Biological_Process_2023,Positive Regulation Of Interleukin-4 Production (GO:0032753),7/18,0.0017690707664218,0.0491329920860893,0,0,5.308385396744443,33.6408353451725,CD86;SLC7A5;CEBPB;FCER1G;PRKCQ;GATA3;HAVCR2
GO_Biological_Process_2023,Protein Autoprocessing (GO:0016540),7/18,0.0017690707664218,0.0491329920860893,0,0,5.308385396744443,33.6408353451725,CTSL;F12;CASP4;CASP1;PCSK9;TMPRSS2;ASRGL1
GO_Biological_Process_2023,Positive Regulation Of Protein Kinase B Signaling (GO:0051897),20/93,0.001791267580115,0.0492822704600461,0,0,2.2913955076740677,14.492691091810006,SEMA5A;TGFB1;F10;GDF15;INSR;IL18;OSM;GATA3;MST1R;TXN;CX3CL1;EGFR;CCL3;GCNT2;CCR7;CCL19;HPSE;TEK;HBEGF;TSPYL5
GO_Biological_Process_2023,Regulation Of Cell Adhesion Mediated By Integrin (GO:0033628),10/33,0.0017981049231701,0.0492822704600461,0,0,3.629498453020681,22.942139531114332,DPP4;TGFB2;SFRP2;PLAU;TESC;PDE3B;SNAI2;NRG1;ADA;JAM3
GO_Biological_Process_2023,Gland Development (GO:0048732),17/74,0.0018224287807171,0.0496224725520773,0,0,2.4931316077888472,15.72563996273104,TBX1;CEBPA;ANXA1;CAV1;PCSK9;SIX1;MSN;NRG1;PROX1;TBX3;TGFBR3;SLC9A3R1;WNT11;TG;HAND2;SOX9;FGFR2
